{
    "rmse": 493405.4761950154,
    "mae": 403138.0434262634,
    "r2_score": 0.989536585637414
}